rank,prev_rank,name,league,off,def,spi
1,1,Manchester City,Barclays Premier League,2.83,0.28,92.28
2,2,Bayern Munich,German Bundesliga,3.04,0.68,87.66
3,3,Barcelona,Spanish Primera Division,2.45,0.43,86.4
4,4,Real Madrid,Spanish Primera Division,2.56,0.6,84.41
5,5,Liverpool,Barclays Premier League,2.63,0.67,83.93
6,6,Arsenal,Barclays Premier League,2.53,0.61,83.92
7,7,Newcastle,Barclays Premier League,2.38,0.53,83.7
8,9,Napoli,Italy Serie A,2.3,0.51,83.25
9,8,Borussia Dortmund,German Bundesliga,2.83,0.84,82.91
10,10,Brighton and Hove Albion,Barclays Premier League,2.47,0.73,80.88
11,11,RB Leipzig,German Bundesliga,2.39,0.7,80.42
12,13,Benfica,Portuguese Liga,2.4,0.73,79.96
13,15,Aston Villa,Barclays Premier League,2.01,0.51,79.3
14,14,Atletico Madrid,Spanish Primera Division,2.26,0.67,79.29
15,12,Paris Saint-Germain,French Ligue 1,2.62,0.91,79.12
16,16,Manchester United,Barclays Premier League,2.35,0.74,79.08
17,17,Internazionale,Italy Serie A,2.33,0.78,77.88
18,18,Ajax,Dutch Eredivisie,2.66,1.03,77.36
19,22,Lille,French Ligue 1,2.07,0.64,77.2
20,19,Brentford,Barclays Premier League,2.1,0.67,77.14
21,23,Real Sociedad,Spanish Primera Division,1.87,0.52,77.07
22,20,Sporting CP,Portuguese Liga,2.07,0.66,76.96
23,21,FC Porto,Portuguese Liga,2.16,0.72,76.86
24,24,Chelsea,Barclays Premier League,2.04,0.68,75.78
25,27,Feyenoord,Dutch Eredivisie,2.28,0.87,75.25
26,25,Lyon,French Ligue 1,2.28,0.88,75.18
27,26,Stade Rennes,French Ligue 1,2.01,0.69,75.14
28,28,Bayer Leverkusen,German Bundesliga,2.03,0.72,74.88
29,32,Athletic Bilbao,Spanish Primera Division,1.84,0.59,74.78
30,29,Celtic,Scottish Premiership,2.53,1.07,74.69
31,33,Fiorentina,Italy Serie A,2.08,0.77,74.52
32,30,Zenit St Petersburg,Russian Premier Liga,2.02,0.73,74.38
33,31,FC Twente,Dutch Eredivisie,2.22,0.88,74.18
34,34,Marseille,French Ligue 1,2.05,0.77,73.99
35,35,PSV,Dutch Eredivisie,2.38,1.02,73.51
36,36,Crystal Palace,Barclays Premier League,1.81,0.62,73.46
37,40,Villarreal,Spanish Primera Division,2.14,0.86,73.35
38,39,Lens,French Ligue 1,1.96,0.73,73.34
39,37,AC Milan,Italy Serie A,2.05,0.8,73.33
40,41,AS Roma,Italy Serie A,1.82,0.65,73.0
41,38,FC Salzburg,Austrian T-Mobile Bundesliga,2.06,0.83,72.91
42,42,FC Cologne,German Bundesliga,2.03,0.81,72.57
43,43,Tottenham Hotspur,Barclays Premier League,2.19,0.95,72.14
44,44,Rangers,Scottish Premiership,2.25,1.0,71.98
45,45,Eintracht Frankfurt,German Bundesliga,2.07,0.88,71.61
46,50,Atalanta,Italy Serie A,2.1,0.93,71.05
47,47,West Ham United,Barclays Premier League,1.94,0.82,70.89
48,48,VfL Wolfsburg,German Bundesliga,2.07,0.92,70.86
49,52,Juventus,Italy Serie A,1.89,0.81,70.36
50,51,Torino,Italy Serie A,1.7,0.66,70.34
51,46,Sevilla FC,Spanish Primera Division,1.81,0.77,69.76
52,49,Palmeiras,Brasileiro Série A,1.8,0.77,69.47
53,53,Mainz,German Bundesliga,2.11,1.02,69.33
54,63,Besiktas,Turkish Turkcell Super Lig,2.09,1.03,68.68
55,55,Valencia,Spanish Primera Division,1.73,0.75,68.68
56,65,Lazio,Italy Serie A,1.77,0.79,68.63
57,54,Fulham,Barclays Premier League,1.9,0.9,68.22
58,57,Celta Vigo,Spanish Primera Division,1.72,0.77,68.08
59,60,Nice,French Ligue 1,1.75,0.8,67.86
60,58,VfB Stuttgart,German Bundesliga,1.96,0.97,67.66
61,59,Borussia Monchengladbach,German Bundesliga,2.1,1.09,67.64
62,64,Flamengo,Brasileiro Série A,1.91,0.94,67.58
63,61,AZ,Dutch Eredivisie,1.92,0.96,67.2
64,70,Galatasaray,Turkish Turkcell Super Lig,2.0,1.03,67.12
65,56,Girona FC,Spanish Primera Division,1.93,0.97,67.11
66,62,Real Betis,Spanish Primera Division,1.73,0.82,66.95
67,66,SC Freiburg,German Bundesliga,1.91,0.99,66.38
68,67,Strasbourg,French Ligue 1,1.78,0.89,66.23
69,68,1. FC Union Berlin,German Bundesliga,1.71,0.84,65.99
70,75,Osasuna,Spanish Primera Division,1.63,0.8,65.37
71,74,Young Boys,Swiss Raiffeisen Super League,2.1,1.21,64.89
72,69,Atletico Mineiro,Brasileiro Série A,1.56,0.76,64.85
73,76,Getafe,Spanish Primera Division,1.51,0.73,64.58
74,72,AS Monaco,French Ligue 1,1.95,1.11,64.44
75,77,Leicester City,Barclays Premier League,1.87,1.04,64.42
76,85,KAA Gent,Belgian Jupiler League,1.93,1.1,64.08
77,73,Reims,French Ligue 1,1.72,0.94,63.87
78,80,Bologna,Italy Serie A,1.79,1.0,63.79
79,81,Werder Bremen,German Bundesliga,1.93,1.11,63.74
80,82,Monterrey,Mexican Primera Division Torneo Clausura,1.58,0.83,63.66
81,83,Everton,Barclays Premier League,1.82,1.03,63.63
82,71,Fenerbahce,Turkish Turkcell Super Lig,2.01,1.21,63.3
83,84,TSG Hoffenheim,German Bundesliga,1.96,1.17,63.26
84,78,Sassuolo,Italy Serie A,1.9,1.12,63.11
85,86,Slavia Prague,UEFA Europa Conference League,1.83,1.06,63.09
86,87,Braga,Portuguese Liga,1.78,1.02,62.98
87,88,Burnley,English League Championship,1.53,0.82,62.94
88,90,Bodo/Glimt,Norwegian Tippeligaen,2.16,1.36,62.67
89,79,Rayo Vallecano,Spanish Primera Division,1.66,0.93,62.63
90,89,Olympiacos,Greek Super League,1.69,0.98,62.25
91,92,Dinamo Zagreb,UEFA Champions League,1.8,1.09,61.85
92,91,Genk,Belgian Jupiler League,2.07,1.33,61.75
93,98,Clermont Foot,French Ligue 1,1.61,0.94,61.42
94,93,AEK Athens,Greek Super League,1.59,0.93,61.24
95,107,Club Brugge,Belgian Jupiler League,1.85,1.16,61.21
96,94,Tigres UANL,Mexican Primera Division Torneo Clausura,1.55,0.91,60.91
97,95,Club América,Mexican Primera Division Torneo Clausura,1.8,1.14,60.62
98,103,Toulouse,French Ligue 1,1.64,1.03,59.96
99,96,Udinese,Italy Serie A,1.67,1.06,59.92
100,101,Lecce,Italy Serie A,1.46,0.88,59.68
101,113,Mallorca,Spanish Primera Division,1.51,0.93,59.67
102,106,Antwerp,Belgian Jupiler League,1.55,0.96,59.6
103,102,AFC Bournemouth,Barclays Premier League,1.68,1.08,59.58
104,104,Schalke 04,German Bundesliga,1.81,1.2,59.46
105,118,CSKA Moscow,Russian Premier Liga,1.54,0.96,59.4
106,108,Wolverhampton,Barclays Premier League,1.55,0.99,59.06
107,109,Leeds United,Barclays Premier League,1.84,1.25,59.0
108,122,SK Sturm Graz,Austrian T-Mobile Bundesliga,1.71,1.14,58.95
109,99,Espanyol,Spanish Primera Division,1.86,1.27,58.85
110,97,Monza,Italy Serie A,1.69,1.12,58.83
111,111,Vitesse,Dutch Eredivisie,1.65,1.08,58.82
112,112,River Plate,Argentina Primera Division,1.59,1.03,58.76
113,123,Montpellier,French Ligue 1,1.77,1.21,58.56
114,114,Slovácko,UEFA Europa Conference League,1.77,1.21,58.54
115,115,Red Star Belgrade,UEFA Europa League,1.75,1.19,58.52
116,117,Cadiz,Spanish Primera Division,1.52,0.99,58.27
117,105,São Paulo,Brasileiro Série A,1.53,1.0,58.24
118,116,FC Copenhagen,Danish SAS-Ligaen,1.75,1.2,58.03
119,100,Union Saint Gilloise,Belgian Jupiler League,1.82,1.28,57.96
120,110,Adana Demirspor,Turkish Turkcell Super Lig,1.88,1.34,57.86
121,120,FC Utrecht,Dutch Eredivisie,1.78,1.25,57.74
122,121,Shakhtar Donetsk,UEFA Europa League,1.77,1.24,57.61
123,119,Elche,Spanish Primera Division,1.62,1.11,57.52
124,129,Almeria,Spanish Primera Division,1.69,1.18,57.43
125,124,Fluminense,Brasileiro Série A,1.53,1.03,57.41
126,125,FC Augsburg,German Bundesliga,1.73,1.22,57.19
127,126,Southampton,Barclays Premier League,1.66,1.18,56.74
128,127,Sheffield United,English League Championship,1.49,1.03,56.57
129,130,VfL Bochum,German Bundesliga,1.84,1.37,56.31
130,131,Los Angeles FC,Major League Soccer,1.7,1.24,56.18
131,128,Botafogo,Brasileiro Série A,1.42,0.98,56.18
132,132,Nottingham Forest,Barclays Premier League,1.64,1.19,56.13
133,133,Sparta,Dutch Eredivisie,1.7,1.25,56.11
134,134,Middlesbrough,English League Championship,1.6,1.17,55.77
135,135,Brest,French Ligue 1,1.49,1.06,55.76
136,136,Luton Town,English League Championship,1.35,0.94,55.48
137,137,Pachuca,Mexican Primera Division Torneo Clausura,1.59,1.17,55.43
138,147,FC Midtjylland,Danish SAS-Ligaen,1.69,1.29,54.86
139,140,Viktoria Plzen,UEFA Champions League,1.82,1.41,54.85
140,139,Fortaleza,Brasileiro Série A,1.34,0.96,54.83
141,142,FC Krasnodar,Russian Premier Liga,1.7,1.31,54.61
142,141,Ferencvaros,UEFA Europa League,1.61,1.22,54.55
143,143,Internacional,Brasileiro Série A,1.37,1.02,54.14
144,149,Lokomotiv Moscow,Russian Premier Liga,1.62,1.26,54.07
145,152,Trabzonspor,Turkish Turkcell Super Lig,1.8,1.44,53.94
146,148,Real Valladolid,Spanish Primera Division,1.55,1.2,53.94
147,145,Hertha Berlin,German Bundesliga,1.71,1.36,53.89
148,146,Lorient,French Ligue 1,1.46,1.12,53.66
149,151,Molde,Norwegian Tippeligaen,1.9,1.55,53.55
150,138,Empoli,Italy Serie A,1.57,1.25,53.35
151,150,Bragantino,Brasileiro Série A,1.49,1.16,53.31
152,158,Philadelphia Union,Major League Soccer,1.63,1.3,53.29
153,144,Spartak Moscow,Russian Premier Liga,1.58,1.26,53.19
154,153,Dynamo Kiev,UEFA Europa League,1.51,1.19,53.06
155,157,Atlético Paranaense,Brasileiro Série A,1.38,1.07,53.04
156,154,Ipswich Town,English League One,1.62,1.31,52.93
157,156,Guimaraes,Portuguese Liga,1.26,0.96,52.69
158,159,Yokohama F. Marinos,Japanese J League,1.69,1.4,52.49
159,204,Istanbul Basaksehir,Turkish Turkcell Super Lig,1.39,1.1,52.49
160,160,Anderlecht,Belgian Jupiler League,1.46,1.18,52.32
161,161,León,Mexican Primera Division Torneo Clausura,1.35,1.07,52.16
162,162,SC Dnipro-1,UEFA Europa Conference League,1.55,1.28,52.11
163,164,Atlas,Mexican Primera Division Torneo Clausura,1.41,1.14,52.07
164,165,Lech Poznan,UEFA Europa Conference League,1.42,1.15,52.07
165,166,Swansea City,English League Championship,1.5,1.23,51.93
166,167,Steaua Bucuresti,UEFA Europa Conference League,1.5,1.24,51.89
167,185,Fatih Karagümrük,Turkish Turkcell Super Lig,1.82,1.56,51.83
168,168,Terek Grozny,Russian Premier Liga,1.46,1.2,51.8
169,169,Go Ahead Eagles,Dutch Eredivisie,1.65,1.39,51.79
170,163,Corinthians,Brasileiro Série A,1.23,0.98,51.59
171,171,Vissel Kobe,Japanese J League,1.51,1.26,51.46
172,182,Cercle Brugge,Belgian Jupiler League,1.62,1.38,51.43
173,172,FC Sheriff Tiraspol,UEFA Europa League,1.51,1.27,51.36
174,173,FK Partizan Belgrade,UEFA Europa Conference League,1.41,1.17,51.22
175,174,Nantes,French Ligue 1,1.35,1.11,51.13
176,155,LASK Linz,Austrian T-Mobile Bundesliga,1.53,1.3,51.11
177,170,Vasco da Gama,Brasileiro Série A,1.44,1.21,51.08
178,175,Coventry City,English League Championship,1.28,1.06,51.0
179,177,Santos,Brasileiro Série A,1.29,1.06,50.98
180,176,PAOK Salonika,Greek Super League,1.4,1.18,50.89
181,178,Guadalajara,Mexican Primera Division Torneo Clausura,1.35,1.13,50.82
182,194,Talleres de Córdoba,Argentina Primera Division,1.39,1.18,50.57
183,180,Famalicao,Portuguese Liga,1.44,1.24,50.35
184,179,Verona,Italy Serie A,1.37,1.18,50.3
185,181,Cruz Azul,Mexican Primera Division Torneo Clausura,1.32,1.13,50.21
186,187,Metz,French Ligue 2,1.32,1.15,49.87
187,183,Boavista,Portuguese Liga,1.39,1.22,49.86
188,184,Frosinone,Italy Serie B,1.37,1.19,49.84
189,186,Heerenveen,Dutch Eredivisie,1.66,1.49,49.81
190,190,FK Qarabag,UEFA Europa League,1.41,1.25,49.41
191,191,Maccabi Haifa,UEFA Champions League,1.69,1.54,49.35
192,192,Hapoel Be'er,UEFA Europa Conference League,1.49,1.34,49.22
193,197,FK Austria Vienna,Austrian T-Mobile Bundesliga,1.66,1.53,48.91
194,193,Spezia,Italy Serie A,1.45,1.32,48.74
195,223,Malmo FF,Swedish Allsvenskan,1.55,1.43,48.73
196,198,NEC,Dutch Eredivisie,1.54,1.41,48.69
197,211,Cruzeiro,Brasileiro Série A,1.32,1.2,48.63
198,199,Toluca,Mexican Primera Division Torneo Clausura,1.56,1.44,48.62
199,188,Salernitana,Italy Serie A,1.48,1.36,48.6
200,201,West Bromwich Albion,English League Championship,1.37,1.25,48.56
201,202,Gil Vicente,Portuguese Liga,1.36,1.24,48.55
202,189,Rapid Vienna,Austrian T-Mobile Bundesliga,1.58,1.47,48.53
203,203,Chaves,Portuguese Liga,1.4,1.29,48.45
204,196,Konyaspor,Turkish Turkcell Super Lig,1.32,1.21,48.43
205,216,Argentinos Juniors,Argentina Primera Division,1.26,1.14,48.43
206,195,Auxerre,French Ligue 1,1.33,1.21,48.38
207,207,Vizela,Portuguese Liga,1.23,1.12,48.07
208,209,Atlanta United FC,Major League Soccer,1.61,1.52,48.01
209,206,Cagliari,Italy Serie B,1.25,1.15,47.96
210,210,Santos Laguna,Mexican Primera Division Torneo Clausura,1.43,1.35,47.86
211,212,Stoke City,English League Championship,1.25,1.15,47.79
212,226,FC Cincinnati,Major League Soccer,1.5,1.42,47.78
213,213,AGF Aarhus,Danish SAS-Ligaen,1.28,1.19,47.76
214,220,BK Hacken,Swedish Allsvenskan,1.73,1.67,47.66
215,227,Cremonese,Italy Serie A,1.47,1.4,47.61
216,214,FC Arouca,Portuguese Liga,1.18,1.09,47.57
217,236,Gazovik Orenburg,Russian Premier Liga,1.55,1.48,47.55
218,205,Boca Juniors,Argentina Primera Division,1.13,1.04,47.54
219,215,Panathinaikos,Greek Super League,0.97,0.87,47.49
220,217,Millwall,English League Championship,1.33,1.25,47.41
221,218,Genoa,Italy Serie B,1.24,1.16,47.31
222,219,Aris Salonika,Greek Super League,1.4,1.34,47.22
223,221,Angers,French Ligue 1,1.33,1.27,47.09
224,224,Estudiantes,Argentina Primera Division,1.18,1.12,46.85
225,233,Nashville SC,Major League Soccer,1.32,1.28,46.66
226,200,Dinamo Moscow,Russian Premier Liga,1.43,1.4,46.57
227,225,Bahía,Brasileiro Série A,1.26,1.21,46.56
228,222,Urawa Red Diamonds,Japanese J League,1.24,1.2,46.51
229,228,St Gallen,Swiss Raiffeisen Super League,1.67,1.67,46.32
230,229,Casa Pia,Portuguese Liga,1.24,1.2,46.29
231,239,St Etienne,French Ligue 2,1.54,1.53,46.14
232,231,Rio Ave,Portuguese Liga,1.25,1.22,46.14
233,208,New York City FC,Major League Soccer,1.34,1.34,45.77
234,247,Grêmio,Brasileiro Série A,1.36,1.36,45.74
235,234,Sunderland,English League Championship,1.34,1.35,45.58
236,237,Norwich City,English League Championship,1.23,1.23,45.45
237,248,Brondby,Danish SAS-Ligaen,1.57,1.61,45.36
238,238,Watford,English League Championship,1.28,1.29,45.35
239,240,Bordeaux,French Ligue 2,1.12,1.12,45.19
240,232,IF Elfsborg,Swedish Allsvenskan,1.48,1.53,44.94
241,230,KVC Westerlo,Belgian Jupiler League,1.56,1.62,44.82
242,245,AEK Larnaca,UEFA Europa League,1.16,1.18,44.76
243,246,Apollon Limassol,UEFA Europa Conference League,1.21,1.24,44.74
244,249,FC Lugano,Swiss Raiffeisen Super League,1.45,1.51,44.63
245,235,Seattle Sounders FC,Major League Soccer,1.28,1.33,44.54
246,242,FC Dallas,Major League Soccer,1.27,1.32,44.52
247,250,Kawasaki Frontale,Japanese J League,1.41,1.48,44.3
248,256,América Mineiro,Brasileiro Série A,1.27,1.33,44.24
249,251,OH Leuven,Belgian Jupiler League,1.44,1.53,44.15
250,244,San Lorenzo,Argentina Primera Division,0.94,0.97,44.12
251,243,New York Red Bulls,Major League Soccer,1.13,1.18,44.08
252,252,Blackburn,English League Championship,1.18,1.23,44.03
253,254,Santa Clara,Portuguese Liga,1.25,1.33,43.94
254,253,Viborg,Danish SAS-Ligaen,1.23,1.31,43.83
255,255,FC St. Pauli,German 2. Bundesliga,1.3,1.39,43.77
256,241,Rostov,Russian Premier Liga,1.36,1.46,43.77
257,278,Rosenborg,Norwegian Tippeligaen,1.53,1.65,43.6
258,258,Maritimo,Portuguese Liga,1.3,1.4,43.55
259,257,Columbus Crew,Major League Soccer,1.44,1.55,43.49
260,260,Hibernian,Scottish Premiership,1.33,1.43,43.46
261,261,Bristol City,English League Championship,1.17,1.25,43.46
262,262,Hearts,Scottish Premiership,1.4,1.52,43.41
263,259,FC Nordsjaelland,Danish SAS-Ligaen,1.34,1.46,43.17
264,276,Lanus,Argentina Primera Division,1.19,1.29,43.16
265,265,CFR 1907 Cluj,UEFA Europa Conference League,1.22,1.33,42.98
266,269,New England Revolution,Major League Soccer,1.41,1.54,42.97
267,263,Wolfsberger AC,Austrian T-Mobile Bundesliga,1.43,1.58,42.87
268,295,Orlando City SC,Major League Soccer,1.36,1.51,42.68
269,270,Levante,Spanish Segunda Division,1.07,1.17,42.63
270,267,Tenerife,Spanish Segunda Division,1.0,1.09,42.62
271,266,Kashima Antlers,Japanese J League,1.21,1.34,42.55
272,264,Vancouver Whitecaps,Major League Soccer,1.42,1.59,42.21
273,297,DC United,Major League Soccer,1.31,1.47,42.18
274,268,Velez Sarsfield,Argentina Primera Division,1.0,1.12,41.88
275,275,Basel,Swiss Raiffeisen Super League,1.39,1.58,41.8
276,300,Cuiaba,Brasileiro Série A,1.08,1.22,41.72
277,277,Ludogorets,UEFA Europa League,1.3,1.49,41.66
278,308,Nagoya Grampus Eight,Japanese J League,1.1,1.25,41.62
279,279,Hamburg SV,German 2. Bundesliga,1.53,1.75,41.61
280,274,Parma,Italy Serie B,1.11,1.27,41.45
281,280,Puebla,Mexican Primera Division Torneo Clausura,1.32,1.52,41.4
282,273,Sampdoria,Italy Serie A,1.36,1.57,41.35
283,271,Standard Liege,Belgian Jupiler League,1.37,1.58,41.33
284,281,Motherwell,Scottish Premiership,1.24,1.43,41.31
285,301,Silkeborg,Danish SAS-Ligaen,1.37,1.59,41.13
286,282,FC Andorra,Spanish Segunda Division,1.05,1.21,41.11
287,283,Sporting de Charleroi,Belgian Jupiler League,1.32,1.54,41.06
288,284,FC Zurich,Swiss Raiffeisen Super League,1.35,1.57,41.0
289,285,St. Truidense,Belgian Jupiler League,1.08,1.26,40.92
290,292,Bari,Italy Serie B,1.15,1.34,40.9
291,294,Sanfrecce Hiroshima,Japanese J League,1.22,1.42,40.88
292,286,Pumas Unam,Mexican Primera Division Torneo Clausura,1.25,1.47,40.73
293,287,SC Paderborn,German 2. Bundesliga,1.44,1.69,40.73
294,289,Portimonense,Portuguese Liga,1.16,1.37,40.57
295,305,Bastia,French Ligue 2,1.2,1.42,40.53
296,290,Defensa y Justicia,Argentina Primera Division,1.09,1.29,40.52
297,291,Estoril Praia,Portuguese Liga,1.16,1.38,40.48
298,298,Los Angeles Galaxy,Major League Soccer,1.41,1.67,40.24
299,299,Granada,Spanish Segunda Division,0.99,1.19,40.18
300,313,Antalyaspor,Turkish Turkcell Super Lig,1.21,1.46,40.05
301,303,Mamelodi Sundowns,South African ABSA Premier League,1.04,1.25,39.99
302,306,Servette,Swiss Raiffeisen Super League,1.33,1.61,39.85
303,307,Atlético San Luis,Mexican Primera Division Torneo Clausura,1.18,1.44,39.77
304,309,FC Volendam,Dutch Eredivisie,1.47,1.78,39.65
305,310,RKC,Dutch Eredivisie,1.45,1.76,39.64
306,293,Caen,French Ligue 2,1.18,1.44,39.6
307,296,Odense BK,Danish SAS-Ligaen,1.35,1.65,39.6
308,324,Minnesota United FC,Major League Soccer,1.27,1.56,39.48
309,304,Sivasspor,Turkish Turkcell Super Lig,1.25,1.53,39.46
310,272,Kasimpasa,Turkish Turkcell Super Lig,1.3,1.59,39.42
311,288,Tigre,Argentina Primera Division,1.12,1.39,39.33
312,322,Portland Timbers,Major League Soccer,1.29,1.58,39.31
313,356,Guingamp,French Ligue 2,1.13,1.4,39.31
314,312,F.B.C Unione Venezia,Italy Serie B,1.24,1.53,39.12
315,335,Rosario Central,Argentina Primera Division,1.15,1.43,39.11
316,349,SK Brann,Norwegian Tippeligaen,1.29,1.6,39.07
317,314,Necaxa,Mexican Primera Division Torneo Clausura,1.05,1.32,39.03
318,328,Racing Club,Argentina Primera Division,1.18,1.47,38.98
319,315,Hull City,English League Championship,1.05,1.31,38.96
320,334,Coritiba,Brasileiro Série A,1.11,1.39,38.94
321,316,Fortuna Düsseldorf,German 2. Bundesliga,1.27,1.58,38.94
322,339,Kayserispor,Turkish Turkcell Super Lig,1.38,1.71,38.88
323,318,Aberdeen,Scottish Premiership,1.14,1.43,38.87
324,323,Paris FC,French Ligue 2,1.06,1.34,38.82
325,319,Preston North End,English League Championship,1.12,1.41,38.79
326,320,Real Zaragoza,Spanish Segunda Division,0.92,1.17,38.73
327,321,Omonia Nicosia,UEFA Europa League,1.25,1.57,38.72
328,317,Albacete,Spanish Segunda Division,1.12,1.42,38.64
329,325,FC Luzern,Swiss Raiffeisen Super League,1.32,1.65,38.62
330,330,San Jose Earthquakes,Major League Soccer,1.28,1.61,38.6
331,302,Goiás,Brasileiro Série A,1.07,1.36,38.57
332,338,Alavés,Spanish Segunda Division,0.88,1.13,38.49
333,327,Fortuna Sittard,Dutch Eredivisie,1.36,1.71,38.44
334,337,Sporting Kansas City,Major League Soccer,1.14,1.45,38.38
335,351,Lillestrom,Norwegian Tippeligaen,1.29,1.63,38.32
336,332,Karlsruher SC,German 2. Bundesliga,1.32,1.67,38.3
337,329,Newell's Old Boys,Argentina Primera Division,0.84,1.09,38.3
338,333,Tijuana,Mexican Primera Division Torneo Clausura,1.18,1.5,38.27
339,311,Huracán,Argentina Primera Division,0.92,1.19,38.22
340,345,Le Havre,French Ligue 2,0.78,1.01,38.21
341,397,Austria Lustenau,Austrian T-Mobile Bundesliga,1.38,1.75,38.13
342,336,AC Ajaccio,French Ligue 1,1.0,1.29,38.12
343,346,Consadole Sapporo,Japanese J League,1.62,2.04,38.09
344,341,Slovan Bratislava,UEFA Europa Conference League,1.12,1.44,38.09
345,352,Ural Sverdlovsk Oblast,Russian Premier Liga,0.98,1.27,38.05
346,342,1. FC Heidenheim 1846,German 2. Bundesliga,1.22,1.57,37.99
347,350,Djurgardens IF,Swedish Allsvenskan,1.2,1.54,37.97
348,358,Krylia Sovetov,Russian Premier Liga,1.02,1.33,37.94
349,343,Sheffield Wednesday,English League One,1.12,1.45,37.92
350,344,KV Mechelen,Belgian Jupiler League,1.45,1.85,37.86
351,340,Eibar,Spanish Segunda Division,0.92,1.21,37.74
352,353,Toronto FC,Major League Soccer,1.18,1.53,37.72
353,348,Pacos Ferreira,Portuguese Liga,1.1,1.45,37.52
354,354,FC Juárez,Mexican Primera Division Torneo Clausura,1.02,1.36,37.41
355,357,Montreal Impact,Major League Soccer,1.19,1.56,37.35
356,363,Colon Santa Fe,Argentina Primera Division,1.05,1.4,37.24
357,331,Cerezo Osaka,Japanese J League,1.05,1.4,37.05
358,360,Barnsley,English League One,1.26,1.67,37.05
359,359,Chicago Fire,Major League Soccer,1.22,1.62,36.93
360,347,Sochi,Russian Premier Liga,1.11,1.5,36.88
361,364,Charlotte FC,Major League Soccer,1.22,1.63,36.62
362,365,Birmingham,English League Championship,1.02,1.4,36.59
363,326,Alanyaspor,Turkish Turkcell Super Lig,1.42,1.88,36.58
364,367,Cardiff City,English League Championship,1.04,1.41,36.56
365,355,CA Independiente,Argentina Primera Division,1.02,1.41,36.38
366,384,Godoy Cruz,Argentina Primera Division,0.99,1.36,36.34
367,368,WSG Swarovski Wattens,Austrian T-Mobile Bundesliga,1.33,1.78,36.32
368,361,Valerenga,Norwegian Tippeligaen,1.31,1.77,36.18
369,382,Ankaragucu,Turkish Turkcell Super Lig,1.07,1.47,36.17
370,373,Las Palmas,Spanish Segunda Division,0.91,1.27,36.15
371,376,Randers FC,Danish SAS-Ligaen,1.18,1.63,35.92
372,374,SpVgg Greuther Fürth,German 2. Bundesliga,1.12,1.55,35.88
373,370,Banfield,Argentina Primera Division,0.9,1.27,35.81
374,377,Querétaro,Mexican Primera Division Torneo Clausura,0.98,1.39,35.65
375,369,Troyes,French Ligue 1,1.23,1.7,35.64
376,378,Fakel Voronezh,Russian Premier Liga,1.01,1.43,35.58
377,362,Austin FC,Major League Soccer,1.23,1.7,35.56
378,379,Wigan,English League Championship,0.92,1.32,35.43
379,380,FC Groningen,Dutch Eredivisie,1.24,1.73,35.41
380,381,Excelsior,Dutch Eredivisie,1.26,1.75,35.38
381,385,Viking FK,Norwegian Tippeligaen,1.47,2.01,35.36
382,386,FC Tokyo,Japanese J League,1.19,1.67,35.28
383,383,Como,Italy Serie B,1.05,1.5,35.2
384,366,Sochaux,French Ligue 2,1.02,1.47,34.99
385,387,Huddersfield Town,English League Championship,0.97,1.41,34.87
386,375,Umraniyespor,Turkish Turkcell Super Lig,1.18,1.68,34.84
387,388,Emmen,Dutch Eredivisie,1.25,1.77,34.76
388,389,Grasshoppers Zürich,Swiss Raiffeisen Super League,1.39,1.95,34.74
389,391,Colorado Rapids,Major League Soccer,1.11,1.61,34.52
390,403,FK Nizhny Novgorod,Russian Premier Liga,0.92,1.36,34.47
391,408,SK Austria Klagenfurt,Austrian T-Mobile Bundesliga,1.32,1.89,34.24
392,393,Sarmiento,Argentina Primera Division,0.95,1.42,34.17
393,398,Queens Park Rangers,English League Championship,1.04,1.54,34.16
394,392,Hammarby,Swedish Allsvenskan,1.2,1.75,34.13
395,399,Holstein Kiel,German 2. Bundesliga,1.33,1.91,34.13
396,400,SV Darmstadt 98,German 2. Bundesliga,1.07,1.58,34.06
397,394,Sarpsborg,Norwegian Tippeligaen,1.17,1.71,33.94
398,401,Mazatlán FC,Mexican Primera Division Torneo Clausura,1.12,1.66,33.88
399,402,Ballkani,UEFA Europa Conference League,1.2,1.76,33.76
400,371,Melbourne City,Australian A-League,1.32,1.93,33.7
401,405,Leganes,Spanish Segunda Division,0.86,1.33,33.56
402,396,Instituto,Argentina Primera Division,0.98,1.5,33.47
403,390,Atlético Tucumán,Argentina Primera Division,0.9,1.39,33.42
404,395,Platense,Argentina Primera Division,0.87,1.35,33.42
405,372,Hartberg,Austrian T-Mobile Bundesliga,1.19,1.77,33.32
406,409,Pisa,Italy Serie B,0.93,1.44,33.21
407,414,Belgrano Cordoba,Argentina Primera Division,0.9,1.4,33.19
408,410,Cambuur Leeuwarden,Dutch Eredivisie,1.25,1.86,33.15
409,430,Istanbulspor,Turkish Turkcell Super Lig,1.09,1.66,33.14
410,411,Rotherham United,English League Championship,0.96,1.48,33.06
411,415,Real Salt Lake,Major League Soccer,1.08,1.66,32.97
412,406,Sudtirol,Italy Serie B,0.7,1.15,32.81
413,419,Sagan Tosu,Japanese J League,0.94,1.48,32.64
414,416,Bolton,English League One,0.89,1.42,32.49
415,417,Real Oviedo,Spanish Segunda Division,0.78,1.28,32.45
416,413,Houston Dynamo,Major League Soccer,1.14,1.76,32.38
417,412,Gimnasia La Plata,Argentina Primera Division,0.86,1.39,32.31
418,418,Palermo,Italy Serie B,1.05,1.66,32.24
419,420,Rigas Futbola Skola,UEFA Europa Conference League,1.16,1.8,32.23
420,407,AaB,Danish SAS-Ligaen,0.99,1.58,32.15
421,422,Villarreal B,Spanish Segunda Division,0.98,1.56,32.13
422,424,1. FC Kaiserslautern,German 2. Bundesliga,1.02,1.65,31.68
423,425,Málaga,Spanish Segunda Division,0.79,1.34,31.59
424,426,Blackpool,English League Championship,1.06,1.7,31.56
425,436,St. Louis CITY SC,Major League Soccer,1.1,1.76,31.47
426,427,Plymouth Argyle,English League One,1.02,1.66,31.45
427,434,Tromso,Norwegian Tippeligaen,1.02,1.65,31.44
428,428,Racing Santander,Spanish Segunda Division,0.85,1.44,31.24
429,447,Central Córdoba Santiago del Estero,Argentina Primera Division,0.89,1.49,31.17
430,431,Barracas Central,Argentina Primera Division,0.91,1.53,31.14
431,423,Dijon FCO,French Ligue 2,0.85,1.44,31.13
432,432,Zalgiris Vilnius,UEFA Europa Conference League,1.1,1.79,30.99
433,433,St Mirren,Scottish Premiership,0.95,1.58,30.98
434,443,Union Santa Fe,Argentina Primera Division,0.86,1.46,30.87
435,468,Central Coast Mariners,Australian A-League,1.27,2.03,30.82
436,448,Giresunspor,Turkish Turkcell Super Lig,1.04,1.72,30.78
437,435,Peterborough United,English League One,1.01,1.68,30.77
438,437,Derby County,English League One,0.94,1.6,30.6
439,438,FC Cartagena,Spanish Segunda Division,0.89,1.53,30.57
440,439,FC Vaduz,Swiss Raiffeisen Super League,0.96,1.63,30.56
441,440,Sporting Gijón,Spanish Segunda Division,0.85,1.48,30.46
442,441,KV Kortrijk,Belgian Jupiler League,1.08,1.8,30.4
443,444,Kalmar FF,Swedish Allsvenskan,0.95,1.63,30.26
444,449,Reading,English League Championship,0.9,1.58,29.91
445,421,IFK Norrkoping,Swedish Allsvenskan,1.04,1.77,29.85
446,442,US Quevilly,French Ligue 2,0.96,1.66,29.83
447,404,Inter Miami CF,Major League Soccer,1.03,1.77,29.77
448,450,Ascoli,Italy Serie B,0.84,1.5,29.62
449,451,SD Huesca,Spanish Segunda Division,0.73,1.36,29.43
450,452,Kilmarnock,Scottish Premiership,0.91,1.63,29.31
451,453,St Johnstone,Scottish Premiership,0.88,1.58,29.23
452,454,OFI Crete,Greek Super League,0.9,1.62,29.2
453,455,Mirandes,Spanish Segunda Division,0.86,1.56,29.18
454,446,Valenciennes,French Ligue 2,0.9,1.62,29.08
455,456,Arminia Bielefeld,German 2. Bundesliga,1.14,1.96,29.04
456,457,1. FC Magdeburg,German 2. Bundesliga,1.08,1.88,28.89
457,429,Odd BK,Norwegian Tippeligaen,0.93,1.67,28.88
458,458,Modena,Italy Serie B,0.92,1.67,28.78
459,459,Reggina,Italy Serie B,0.84,1.56,28.65
460,460,Rodez,French Ligue 2,0.75,1.44,28.47
461,461,HJK Helsinki,UEFA Europa League,0.94,1.71,28.47
462,445,Grenoble,French Ligue 2,0.61,1.23,28.32
463,462,Lyngby,Danish SAS-Ligaen,0.86,1.61,28.27
464,463,Guangzhou Evergrande,Chinese Super League,1.08,1.93,28.19
465,464,Portsmouth,English League One,0.82,1.57,28.06
466,466,SV Zulte Waregem,Belgian Jupiler League,1.35,2.32,27.95
467,473,Pau,French Ligue 2,0.92,1.75,27.53
468,469,Cittadella,Italy Serie B,0.7,1.42,27.52
469,471,Hannover 96,German 2. Bundesliga,1.07,1.98,27.15
470,472,Ross County,Scottish Premiership,0.92,1.76,27.12
471,467,Amiens,French Ligue 2,0.83,1.63,27.09
472,465,Avispa Fukuoka,Japanese J League,0.76,1.54,27.06
473,474,Orlando Pirates,South African ABSA Premier League,0.75,1.53,27.0
474,475,Spal,Italy Serie B,0.83,1.65,26.96
475,476,SD Ponferradina,Spanish Segunda Division,0.77,1.55,26.95
476,478,Perugia,Italy Serie B,0.84,1.67,26.91
477,470,San Antonio FC,United Soccer League,0.88,1.72,26.83
478,496,Nimes,French Ligue 2,1.01,1.91,26.75
479,480,Atromitos,Greek Super League,0.71,1.48,26.69
480,477,AIK,Swedish Allsvenskan,0.85,1.69,26.63
481,483,Burgos,Spanish Segunda Division,0.69,1.47,26.38
482,484,Livingston,Scottish Premiership,0.83,1.69,26.09
483,487,Cashpoint SC Rheindorf Altach,Austrian T-Mobile Bundesliga,0.82,1.68,26.06
484,492,Arsenal Sarandi,Argentina Primera Division,0.75,1.58,26.04
485,485,Sydney FC,Australian A-League,1.05,2.03,26.0
486,482,Stabaek,Norwegian Tippeligaen,0.92,1.84,25.9
487,489,Ternana,Italy Serie B,0.85,1.74,25.79
488,495,Kashiwa Reysol,Japanese J League,0.82,1.71,25.76
489,486,Shonan Bellmare,Japanese J League,0.86,1.77,25.72
490,479,Stromsgodset,Norwegian Tippeligaen,0.99,1.96,25.71
491,491,Charlton Athletic,English League One,0.98,1.94,25.71
492,488,SV Ried,Austrian T-Mobile Bundesliga,0.87,1.8,25.4
493,494,Western Sydney FC,Australian A-League,0.99,1.97,25.37
494,490,Louisville City FC,United Soccer League,0.82,1.73,25.34
495,503,Laval,French Ligue 2,0.83,1.75,25.3
496,481,IFK Goteborg,Swedish Allsvenskan,0.85,1.78,25.18
497,497,Benevento,Italy Serie B,0.77,1.67,25.04
498,498,Beijing Guoan,Chinese Super League,0.98,1.99,24.95
499,499,1. FC Nürnberg,German 2. Bundesliga,0.8,1.72,24.93
500,493,Kyoto Purple Sanga,Japanese J League,0.77,1.68,24.89
501,501,Dundee Utd,Scottish Premiership,0.87,1.85,24.71
502,509,Gamba Osaka,Japanese J League,0.87,1.84,24.69
503,504,Wycombe Wanderers,English League One,0.78,1.72,24.47
504,502,Tampa Bay Rowdies,United Soccer League,0.88,1.87,24.43
505,515,San Diego Loyal SC,United Soccer League,0.96,2.0,24.41
506,500,Annecy,French Ligue 2,0.79,1.75,24.36
507,505,Shanghai SIPG,Chinese Super League,0.9,1.92,24.26
508,506,Jahn Regensburg,German 2. Bundesliga,0.9,1.92,24.14
509,522,Haugesund,Norwegian Tippeligaen,0.83,1.82,24.05
510,508,Pyunik Yerevan,UEFA Europa Conference League,0.87,1.9,23.79
511,510,UD Ibiza,Spanish Segunda Division,0.71,1.66,23.58
512,516,Albirex Niigata,Japanese J League,0.82,1.85,23.5
513,511,Fleetwood Town,English League One,0.76,1.75,23.48
514,514,Hansa Rostock,German 2. Bundesliga,0.77,1.77,23.38
515,512,Sacramento Republic FC,United Soccer League,0.79,1.82,23.26
516,507,FC Khimki,Russian Premier Liga,0.82,1.87,23.26
517,517,KV Oostende,Belgian Jupiler League,1.02,2.18,23.17
518,518,Winterthur,Swiss Raiffeisen Super League,0.81,1.86,23.14
519,513,Brescia,Italy Serie B,0.74,1.74,23.07
520,520,Giannina,Greek Super League,0.72,1.72,23.02
521,519,AC Horsens,Danish SAS-Ligaen,0.88,1.98,22.85
522,521,Arizona United,United Soccer League,0.85,1.96,22.61
523,523,Lincoln City,English League One,0.61,1.57,22.55
524,524,Eintracht Braunschweig,German 2. Bundesliga,0.88,2.02,22.44
525,525,Adelaide United,Australian A-League,1.06,2.3,22.25
526,526,Eupen,Belgian Jupiler League,0.98,2.19,22.18
527,527,Exeter City,English League One,0.85,1.98,22.1
528,528,Asteras Tripolis,Greek Super League,0.5,1.42,22.0
529,545,Sandefjord,Norwegian Tippeligaen,0.88,2.05,21.85
530,541,Memphis 901 FC,United Soccer League,0.9,2.1,21.68
531,529,Melbourne Victory,Australian A-League,0.77,1.9,21.65
532,530,FC Sion,Swiss Raiffeisen Super League,0.96,2.19,21.6
533,534,Mjallby,Swedish Allsvenskan,0.6,1.62,21.54
534,531,Torpedo Moskow,Russian Premier Liga,0.72,1.86,20.97
535,533,Lugo,Spanish Segunda Division,0.58,1.64,20.79
536,538,Cosenza,Italy Serie B,0.54,1.57,20.68
537,535,Shamrock Rovers,UEFA Europa Conference League,0.69,1.84,20.63
538,537,Oxford United,English League One,0.64,1.76,20.42
539,547,IK Sirius,Swedish Allsvenskan,0.76,1.99,20.21
540,540,Black Aces,South African ABSA Premier League,0.56,1.65,20.2
541,542,RFC Seraing,Belgian Jupiler League,0.75,1.98,20.07
542,562,Brommapojkarna,Swedish Allsvenskan,0.7,1.91,19.82
543,551,Oakland Roots,United Soccer League,0.73,1.96,19.81
544,543,Stellenbosch FC,South African ABSA Premier League,0.64,1.83,19.63
545,539,Aalesund,Norwegian Tippeligaen,0.68,1.91,19.42
546,536,Colorado Springs Switchbacks FC,United Soccer League,0.71,1.95,19.42
547,544,Volos NFC,Greek Super League,0.67,1.9,19.41
548,546,Burton Albion,English League One,0.74,2.01,19.29
549,557,Niort,French Ligue 2,0.71,1.98,19.04
550,548,Ionikos FC,Greek Super League,0.58,1.77,18.97
551,549,Levadiakos,Greek Super League,0.61,1.83,18.85
552,552,Shrewsbury Town,English League One,0.63,1.87,18.81
553,553,SuperSport United,South African ABSA Premier League,0.45,1.55,18.66
554,532,Gazisehir Gaziantep,Turkish Turkcell Super Lig,0.73,2.05,18.57
555,570,El Paso Locomotive FC,United Soccer League,0.69,2.0,18.56
556,555,SV Sandhausen,German 2. Bundesliga,0.72,2.04,18.5
557,556,Shandong Luneng,Chinese Super League,0.82,2.22,18.5
558,558,Salford City,English League Two,0.78,2.16,18.49
559,559,Jiangsu Suning FC,Chinese Super League,0.71,2.04,18.37
560,561,Cheltenham Town,English League One,0.67,1.99,18.26
561,563,Mansfield Town,English League Two,0.71,2.08,17.84
562,565,Orange County SC,United Soccer League,0.62,1.93,17.75
563,567,Milton Keynes Dons,English League One,0.58,1.86,17.71
564,568,Panetolikos,Greek Super League,0.63,1.97,17.67
565,550,Hamarkamaratene,Norwegian Tippeligaen,0.7,2.09,17.56
566,566,Yokohama FC,Japanese J League,0.68,2.06,17.46
567,564,Halmstads BK,Swedish Allsvenskan,0.61,1.95,17.44
568,571,Stockport County,English League Two,0.49,1.72,17.4
569,569,Pittsburgh Riverhounds,United Soccer League,0.54,1.81,17.34
570,560,IFK Värnamo,Swedish Allsvenskan,0.57,1.88,17.21
571,554,New Mexico United,United Soccer League,0.65,2.03,17.07
572,572,Bristol Rovers,English League One,0.65,2.07,16.62
573,573,Western United,Australian A-League,0.77,2.3,16.55
574,574,Wellington Phoenix,Australian A-League,0.79,2.36,16.39
575,576,TS Galaxy,South African ABSA Premier League,0.37,1.59,16.04
576,577,Kaizer Chiefs,South African ABSA Premier League,0.46,1.76,16.03
577,578,Birmingham Legion FC,United Soccer League,0.66,2.19,15.73
578,579,Brisbane Roar,Australian A-League,0.6,2.07,15.7
579,580,Lamia,Greek Super League,0.47,1.85,15.27
580,581,Newcastle Jets,Australian A-League,0.68,2.28,15.09
581,582,Port Vale,English League One,0.61,2.16,15.03
582,575,Degerfors IF,Swedish Allsvenskan,0.68,2.29,14.98
583,584,AmaZulu,South African ABSA Premier League,0.4,1.81,14.3
584,585,Bradford City,English League Two,0.48,1.97,14.26
585,587,Swindon Town,English League Two,0.56,2.17,13.81
586,588,Leyton Orient,English League Two,0.39,1.84,13.55
587,589,Carlisle United,English League Two,0.39,1.86,13.42
588,583,Hatayspor,Turkish Turkcell Super Lig,0.59,2.29,13.31
589,586,Miami FC,United Soccer League,0.47,2.04,13.31
590,590,Morecambe,English League One,0.58,2.26,13.28
591,591,Golden Arrows,South African ABSA Premier League,0.43,1.97,13.15
592,593,Newport County,English League Two,0.49,2.11,13.05
593,594,Royal AM,South African ABSA Premier League,0.46,2.06,12.93
594,595,Perth Glory,Australian A-League,0.58,2.3,12.88
595,596,Sekhukhune United,South African ABSA Premier League,0.24,1.61,12.53
596,599,Cambridge United,English League One,0.4,1.98,12.42
597,600,Stevenage,English League Two,0.36,1.9,12.35
598,601,Northampton Town,English League Two,0.34,1.88,12.2
599,609,Indy Eleven,United Soccer League,0.45,2.11,12.15
600,598,Hartford Athletic,United Soccer League,0.56,2.38,11.95
601,597,Varbergs BoIS FC,Swedish Allsvenskan,0.49,2.24,11.94
602,608,Monterey Bay,United Soccer League,0.46,2.18,11.88
603,603,Tianjin Teda,Chinese Super League,0.5,2.26,11.8
604,604,Macarthur FC,Australian A-League,0.63,2.55,11.67
605,592,Charleston Battery,United Soccer League,0.48,2.26,11.52
606,602,Tulsa Roughnecks,United Soccer League,0.49,2.32,11.15
607,605,Shanghai Greenland,Chinese Super League,0.56,2.47,11.13
608,606,Harrogate Town,English League Two,0.54,2.43,11.07
609,607,Moroka Swallows,South African ABSA Premier League,0.24,1.77,10.98
610,610,Hebei China Fortune FC,Chinese Super League,0.5,2.43,10.52
611,611,Colchester United,English League Two,0.27,1.91,10.4
612,613,Henan Jianye,Chinese Super League,0.46,2.36,10.34
613,614,Las Vegas Lights FC,United Soccer League,0.41,2.26,10.27
614,612,Rio Grande Valley FC Toros,United Soccer League,0.36,2.14,10.17
615,615,Gillingham,English League Two,0.27,1.94,10.15
616,616,Dalian Aerbin,Chinese Super League,0.51,2.51,9.96
617,617,Tshakhuma Tsha Madzivhandila,South African ABSA Premier League,0.25,1.91,9.88
618,618,Guangzhou RF,Chinese Super League,0.66,2.86,9.74
619,619,Maritzburg Utd,South African ABSA Premier League,0.26,1.98,9.65
620,620,Accrington Stanley,English League One,0.39,2.28,9.56
621,621,Wuhan Zall,Chinese Super League,0.39,2.32,9.4
622,622,Crewe Alexandra,English League Two,0.36,2.25,9.33
623,623,Detroit City FC,United Soccer League,0.28,2.12,8.8
624,624,Richards Bay,South African ABSA Premier League,0.2,1.95,8.59
625,625,Rochdale,English League Two,0.36,2.4,8.31
626,626,Grimsby Town,English League Two,0.26,2.15,8.24
627,627,Chippa United,South African ABSA Premier League,0.25,2.16,8.13
628,628,Tranmere Rovers,English League Two,0.2,2.02,8.08
629,629,Tianjin Quanujian,Chinese Super League,0.37,2.51,7.83
630,630,Barrow,English League Two,0.2,2.06,7.76
631,631,Shenzhen FC,Chinese Super League,0.4,2.6,7.73
632,632,Chongqing Lifan,Chinese Super League,0.3,2.35,7.66
633,633,Hartlepool,English League Two,0.38,2.56,7.61
634,635,Walsall,English League Two,0.2,2.11,7.49
635,634,Loudoun United FC,United Soccer League,0.32,2.46,7.26
636,636,Sutton United,English League Two,0.23,2.26,7.02
637,637,AFC Wimbledon,English League Two,0.24,2.3,6.96
638,638,Doncaster Rovers,English League Two,0.2,2.35,6.06
639,639,Forest Green Rovers,English League One,0.2,2.38,5.91
640,640,Crawley Town,English League Two,0.2,2.41,5.75
641,641,Guizhou Renhe,Chinese Super League,0.2,2.61,4.86
